dataset,file,param,instance,status,status_detail,return_code,timed_out,wall_time_seconds,reported_makespan,computed_makespan,exact_reference_makespan,best_known_makespan,heuristic_makespan,upper_bound,lower_bound,gap_to_best_known_pct,gap_to_lower_bound_pct,quality_vs_best_known_pct,quality_vs_exact_reference_pct,matched_exact_reference,matched_best_known,precedence_ok,resources_ok,stdout_line_count
j60,datasets/psplib/j60/instances/j601_1.sm,1,1,ok,,0,False,0.014587,77,77,77,77,77,77,77,0.0,0.0,100.0,100.0,True,True,True,True,60
j60,datasets/psplib/j60/instances/j601_2.sm,1,2,ok,,0,False,0.007652,74,74,68,68,68,68,68,8.823529,8.823529,91.891892,91.891892,False,False,True,True,60
j60,datasets/psplib/j60/instances/j601_3.sm,1,3,ok,,0,False,0.007313,76,76,68,68,68,68,68,11.764706,11.764706,89.473684,89.473684,False,False,True,True,60
j60,datasets/psplib/j60/instances/j601_4.sm,1,4,ok,,0,False,0.005352,95,95,91,91,91,91,91,4.395604,4.395604,95.789474,95.789474,False,False,True,True,60
j60,datasets/psplib/j60/instances/j601_5.sm,1,5,ok,,0,False,0.004613,78,78,73,73,73,73,73,6.849315,6.849315,93.589744,93.589744,False,False,True,True,60
j60,datasets/psplib/j60/instances/j601_6.sm,1,6,ok,,0,False,0.005038,66,66,66,66,66,66,66,0.0,0.0,100.0,100.0,True,True,True,True,60
j60,datasets/psplib/j60/instances/j601_7.sm,1,7,ok,,0,False,0.006834,77,77,72,72,72,72,72,6.944444,6.944444,93.506494,93.506494,False,False,True,True,60
j60,datasets/psplib/j60/instances/j601_8.sm,1,8,ok,,0,False,0.006344,84,84,75,75,75,75,75,12.0,12.0,89.285714,89.285714,False,False,True,True,60
j60,datasets/psplib/j60/instances/j601_9.sm,1,9,ok,,0,False,0.005175,85,85,85,85,85,85,85,0.0,0.0,100.0,100.0,True,True,True,True,60
j60,datasets/psplib/j60/instances/j601_10.sm,1,10,ok,,0,False,0.005303,84,84,80,80,80,80,80,5.0,5.0,95.238095,95.238095,False,False,True,True,60
j60,datasets/psplib/j60/instances/j602_1.sm,2,1,ok,,0,False,0.004501,65,65,65,65,65,65,65,0.0,0.0,100.0,100.0,True,True,True,True,60
j60,datasets/psplib/j60/instances/j602_2.sm,2,2,ok,,0,False,0.005214,82,82,82,82,82,82,82,0.0,0.0,100.0,100.0,True,True,True,True,60
j60,datasets/psplib/j60/instances/j602_3.sm,2,3,ok,,0,False,0.004316,78,78,78,78,78,78,78,0.0,0.0,100.0,100.0,True,True,True,True,60
j60,datasets/psplib/j60/instances/j602_4.sm,2,4,ok,,0,False,0.005355,78,78,78,78,78,78,78,0.0,0.0,100.0,100.0,True,True,True,True,60
j60,datasets/psplib/j60/instances/j602_5.sm,2,5,ok,,0,False,0.004872,55,55,54,54,54,54,54,1.851852,1.851852,98.181818,98.181818,False,False,True,True,60
j60,datasets/psplib/j60/instances/j602_6.sm,2,6,ok,,0,False,0.006257,70,70,64,64,64,64,64,9.375,9.375,91.428571,91.428571,False,False,True,True,60
j60,datasets/psplib/j60/instances/j602_7.sm,2,7,ok,,0,False,0.005359,53,53,53,53,53,53,53,0.0,0.0,100.0,100.0,True,True,True,True,60
j60,datasets/psplib/j60/instances/j602_8.sm,2,8,ok,,0,False,0.006015,66,66,66,66,66,66,66,0.0,0.0,100.0,100.0,True,True,True,True,60
j60,datasets/psplib/j60/instances/j602_9.sm,2,9,ok,,0,False,0.00659,65,65,65,65,65,65,65,0.0,0.0,100.0,100.0,True,True,True,True,60
j60,datasets/psplib/j60/instances/j602_10.sm,2,10,ok,,0,False,0.007027,69,69,69,69,69,69,69,0.0,0.0,100.0,100.0,True,True,True,True,60
j60,datasets/psplib/j60/instances/j603_1.sm,3,1,ok,,0,False,0.004428,60,60,60,60,60,60,60,0.0,0.0,100.0,100.0,True,True,True,True,60
j60,datasets/psplib/j60/instances/j603_2.sm,3,2,ok,,0,False,0.004819,69,69,69,69,69,69,69,0.0,0.0,100.0,100.0,True,True,True,True,60
j60,datasets/psplib/j60/instances/j603_3.sm,3,3,ok,,0,False,0.006066,105,105,105,105,105,105,105,0.0,0.0,100.0,100.0,True,True,True,True,60
j60,datasets/psplib/j60/instances/j603_4.sm,3,4,ok,,0,False,0.004467,81,81,81,81,81,81,81,0.0,0.0,100.0,100.0,True,True,True,True,60
j60,datasets/psplib/j60/instances/j603_5.sm,3,5,ok,,0,False,0.00436,83,83,83,83,83,83,83,0.0,0.0,100.0,100.0,True,True,True,True,60
j60,datasets/psplib/j60/instances/j603_6.sm,3,6,ok,,0,False,0.004346,57,57,57,57,57,57,57,0.0,0.0,100.0,100.0,True,True,True,True,60
j60,datasets/psplib/j60/instances/j603_7.sm,3,7,ok,,0,False,0.004928,61,61,59,59,59,59,59,3.389831,3.389831,96.721311,96.721311,False,False,True,True,60
j60,datasets/psplib/j60/instances/j603_8.sm,3,8,ok,,0,False,0.004231,58,58,55,55,55,55,55,5.454545,5.454545,94.827586,94.827586,False,False,True,True,60
j60,datasets/psplib/j60/instances/j603_9.sm,3,9,ok,,0,False,0.004549,69,69,67,67,67,67,67,2.985075,2.985075,97.101449,97.101449,False,False,True,True,60
j60,datasets/psplib/j60/instances/j603_10.sm,3,10,ok,,0,False,0.004145,73,73,69,69,69,69,69,5.797101,5.797101,94.520548,94.520548,False,False,True,True,60
j60,datasets/psplib/j60/instances/j604_1.sm,4,1,ok,,0,False,0.004271,84,84,84,84,84,84,84,0.0,0.0,100.0,100.0,True,True,True,True,60
j60,datasets/psplib/j60/instances/j604_2.sm,4,2,ok,,0,False,0.00435,60,60,60,60,60,60,60,0.0,0.0,100.0,100.0,True,True,True,True,60
j60,datasets/psplib/j60/instances/j604_3.sm,4,3,ok,,0,False,0.004312,58,58,58,58,58,58,58,0.0,0.0,100.0,100.0,True,True,True,True,60
j60,datasets/psplib/j60/instances/j604_4.sm,4,4,ok,,0,False,0.004512,65,65,65,65,65,65,65,0.0,0.0,100.0,100.0,True,True,True,True,60
j60,datasets/psplib/j60/instances/j604_5.sm,4,5,ok,,0,False,0.004752,75,75,75,75,75,75,75,0.0,0.0,100.0,100.0,True,True,True,True,60
j60,datasets/psplib/j60/instances/j604_6.sm,4,6,ok,,0,False,0.004922,71,71,71,71,71,71,71,0.0,0.0,100.0,100.0,True,True,True,True,60
j60,datasets/psplib/j60/instances/j604_7.sm,4,7,ok,,0,False,0.004687,67,67,67,67,67,67,67,0.0,0.0,100.0,100.0,True,True,True,True,60
j60,datasets/psplib/j60/instances/j604_8.sm,4,8,ok,,0,False,0.004669,65,65,65,65,65,65,65,0.0,0.0,100.0,100.0,True,True,True,True,60
j60,datasets/psplib/j60/instances/j604_9.sm,4,9,ok,,0,False,0.00523,75,75,75,75,75,75,75,0.0,0.0,100.0,100.0,True,True,True,True,60
j60,datasets/psplib/j60/instances/j604_10.sm,4,10,ok,,0,False,0.005117,77,77,77,77,77,77,77,0.0,0.0,100.0,100.0,True,True,True,True,60
j60,datasets/psplib/j60/instances/j605_1.sm,5,1,ok,,0,False,0.004433,96,96,76,76,76,76,76,26.315789,26.315789,79.166667,79.166667,False,False,True,True,60
j60,datasets/psplib/j60/instances/j605_2.sm,5,2,ok,,0,False,0.004491,122,122,106,106,106,106,106,15.09434,15.09434,86.885246,86.885246,False,False,True,True,60
j60,datasets/psplib/j60/instances/j605_3.sm,5,3,ok,,0,False,0.004195,100,100,80,80,80,80,80,25.0,25.0,80.0,80.0,False,False,True,True,60
j60,datasets/psplib/j60/instances/j605_4.sm,5,4,ok,,0,False,0.004679,95,95,72,72,72,72,72,31.944444,31.944444,75.789474,75.789474,False,False,True,True,60
j60,datasets/psplib/j60/instances/j605_5.sm,5,5,ok,,0,False,0.004416,121,121,108,108,108,108,108,12.037037,12.037037,89.256198,89.256198,False,False,True,True,60
j60,datasets/psplib/j60/instances/j605_6.sm,5,6,ok,,0,False,0.004075,91,91,74,74,74,74,74,22.972973,22.972973,81.318681,81.318681,False,False,True,True,60
j60,datasets/psplib/j60/instances/j605_7.sm,5,7,ok,,0,False,0.00435,84,84,75,75,75,75,75,12.0,12.0,89.285714,89.285714,False,False,True,True,60
j60,datasets/psplib/j60/instances/j605_8.sm,5,8,ok,,0,False,0.003992,96,96,78,78,78,78,78,23.076923,23.076923,81.25,81.25,False,False,True,True,60
j60,datasets/psplib/j60/instances/j605_9.sm,5,9,ok,,0,False,0.004082,93,93,83,83,83,83,83,12.048193,12.048193,89.247312,89.247312,False,False,True,True,60
j60,datasets/psplib/j60/instances/j605_10.sm,5,10,ok,,0,False,0.004581,99,99,81,81,81,81,81,22.222222,22.222222,81.818182,81.818182,False,False,True,True,60
j60,datasets/psplib/j60/instances/j606_1.sm,6,1,ok,,0,False,0.004198,68,68,60,60,60,60,60,13.333333,13.333333,88.235294,88.235294,False,False,True,True,60
j60,datasets/psplib/j60/instances/j606_2.sm,6,2,ok,,0,False,0.00429,71,71,67,67,67,67,67,5.970149,5.970149,94.366197,94.366197,False,False,True,True,60
j60,datasets/psplib/j60/instances/j606_3.sm,6,3,ok,,0,False,0.00462,75,75,72,72,72,72,72,4.166667,4.166667,96.0,96.0,False,False,True,True,60
j60,datasets/psplib/j60/instances/j606_4.sm,6,4,ok,,0,False,0.004852,72,72,67,67,67,67,67,7.462687,7.462687,93.055556,93.055556,False,False,True,True,60
j60,datasets/psplib/j60/instances/j606_5.sm,6,5,ok,,0,False,0.005552,78,78,78,78,78,78,78,0.0,0.0,100.0,100.0,True,True,True,True,60
j60,datasets/psplib/j60/instances/j606_6.sm,6,6,ok,,0,False,0.005246,63,63,55,55,55,55,55,14.545455,14.545455,87.301587,87.301587,False,False,True,True,60
j60,datasets/psplib/j60/instances/j606_7.sm,6,7,ok,,0,False,0.005139,65,65,61,61,61,61,61,6.557377,6.557377,93.846154,93.846154,False,False,True,True,60
j60,datasets/psplib/j60/instances/j606_8.sm,6,8,ok,,0,False,0.004776,72,72,72,72,72,72,72,0.0,0.0,100.0,100.0,True,True,True,True,60
j60,datasets/psplib/j60/instances/j606_9.sm,6,9,ok,,0,False,0.004735,64,64,64,64,64,64,64,0.0,0.0,100.0,100.0,True,True,True,True,60
j60,datasets/psplib/j60/instances/j606_10.sm,6,10,ok,,0,False,0.005188,74,74,74,74,74,74,74,0.0,0.0,100.0,100.0,True,True,True,True,60
j60,datasets/psplib/j60/instances/j607_1.sm,7,1,ok,,0,False,0.004258,77,77,77,77,77,77,77,0.0,0.0,100.0,100.0,True,True,True,True,60
j60,datasets/psplib/j60/instances/j607_2.sm,7,2,ok,,0,False,0.004668,85,85,85,85,85,85,85,0.0,0.0,100.0,100.0,True,True,True,True,60
j60,datasets/psplib/j60/instances/j607_3.sm,7,3,ok,,0,False,0.004505,62,62,62,62,62,62,62,0.0,0.0,100.0,100.0,True,True,True,True,60
j60,datasets/psplib/j60/instances/j607_4.sm,7,4,ok,,0,False,0.00451,63,63,63,63,63,63,63,0.0,0.0,100.0,100.0,True,True,True,True,60
j60,datasets/psplib/j60/instances/j607_5.sm,7,5,ok,,0,False,0.004682,71,71,71,71,71,71,71,0.0,0.0,100.0,100.0,True,True,True,True,60
j60,datasets/psplib/j60/instances/j607_6.sm,7,6,ok,,0,False,0.006243,65,65,65,65,65,65,65,0.0,0.0,100.0,100.0,True,True,True,True,60
j60,datasets/psplib/j60/instances/j607_7.sm,7,7,ok,,0,False,0.004566,89,89,89,89,89,89,89,0.0,0.0,100.0,100.0,True,True,True,True,60
j60,datasets/psplib/j60/instances/j607_8.sm,7,8,ok,,0,False,0.004283,66,66,66,66,66,66,66,0.0,0.0,100.0,100.0,True,True,True,True,60
j60,datasets/psplib/j60/instances/j607_9.sm,7,9,ok,,0,False,0.005649,44,44,44,44,44,44,44,0.0,0.0,100.0,100.0,True,True,True,True,60
j60,datasets/psplib/j60/instances/j607_10.sm,7,10,ok,,0,False,0.006106,82,82,82,82,82,82,82,0.0,0.0,100.0,100.0,True,True,True,True,60
j60,datasets/psplib/j60/instances/j608_1.sm,8,1,ok,,0,False,0.005432,64,64,64,64,64,64,64,0.0,0.0,100.0,100.0,True,True,True,True,60
j60,datasets/psplib/j60/instances/j608_2.sm,8,2,ok,,0,False,0.004894,61,61,61,61,61,61,61,0.0,0.0,100.0,100.0,True,True,True,True,60
j60,datasets/psplib/j60/instances/j608_3.sm,8,3,ok,,0,False,0.005194,79,79,79,79,79,79,79,0.0,0.0,100.0,100.0,True,True,True,True,60
j60,datasets/psplib/j60/instances/j608_4.sm,8,4,ok,,0,False,0.005442,64,64,64,64,64,64,64,0.0,0.0,100.0,100.0,True,True,True,True,60
j60,datasets/psplib/j60/instances/j608_5.sm,8,5,ok,,0,False,0.005048,83,83,83,83,83,83,83,0.0,0.0,100.0,100.0,True,True,True,True,60
j60,datasets/psplib/j60/instances/j608_6.sm,8,6,ok,,0,False,0.005107,56,56,56,56,56,56,56,0.0,0.0,100.0,100.0,True,True,True,True,60
j60,datasets/psplib/j60/instances/j608_7.sm,8,7,ok,,0,False,0.004609,62,62,62,62,62,62,62,0.0,0.0,100.0,100.0,True,True,True,True,60
j60,datasets/psplib/j60/instances/j608_8.sm,8,8,ok,,0,False,0.004591,66,66,66,66,66,66,66,0.0,0.0,100.0,100.0,True,True,True,True,60
j60,datasets/psplib/j60/instances/j608_9.sm,8,9,ok,,0,False,0.00517,58,58,58,58,58,58,58,0.0,0.0,100.0,100.0,True,True,True,True,60
j60,datasets/psplib/j60/instances/j608_10.sm,8,10,ok,,0,False,0.005369,97,97,97,97,97,97,97,0.0,0.0,100.0,100.0,True,True,True,True,60
j60,datasets/psplib/j60/instances/j609_1.sm,9,1,ok,,0,False,0.005487,106,106,,87,87,87,82,21.83908,29.268293,82.075472,,,False,True,True,60
j60,datasets/psplib/j60/instances/j609_2.sm,9,2,ok,,0,False,0.005077,99,99,82,82,82,82,82,20.731707,20.731707,82.828283,82.828283,False,False,True,True,60
j60,datasets/psplib/j60/instances/j609_3.sm,9,3,ok,,0,False,0.006251,126,126,100,100,100,100,100,26.0,26.0,79.365079,79.365079,False,False,True,True,60
j60,datasets/psplib/j60/instances/j609_4.sm,9,4,ok,,0,False,0.004704,104,104,87,87,87,87,87,19.54023,19.54023,83.653846,83.653846,False,False,True,True,60
j60,datasets/psplib/j60/instances/j609_5.sm,9,5,ok,,0,False,0.005843,110,110,,85,85,85,82,29.411765,34.146341,77.272727,,,False,True,True,60
j60,datasets/psplib/j60/instances/j609_6.sm,9,6,ok,,0,False,0.005408,134,134,,111,111,111,105,20.720721,27.619048,82.835821,,,False,True,True,60
j60,datasets/psplib/j60/instances/j609_7.sm,9,7,ok,,0,False,0.006084,131,131,,109,109,109,100,20.183486,31.0,83.206107,,,False,True,True,60
j60,datasets/psplib/j60/instances/j609_8.sm,9,8,ok,,0,False,0.004679,113,113,96,96,96,96,96,17.708333,17.708333,84.955752,84.955752,False,False,True,True,60
j60,datasets/psplib/j60/instances/j609_9.sm,9,9,ok,,0,False,0.004845,115,115,99,99,99,99,99,16.161616,16.161616,86.086957,86.086957,False,False,True,True,60
j60,datasets/psplib/j60/instances/j609_10.sm,9,10,ok,,0,False,0.005288,116,116,93,93,93,93,93,24.731183,24.731183,80.172414,80.172414,False,False,True,True,60
j60,datasets/psplib/j60/instances/j6010_1.sm,10,1,ok,,0,False,0.006241,85,85,85,85,85,85,85,0.0,0.0,100.0,100.0,True,True,True,True,60
j60,datasets/psplib/j60/instances/j6010_2.sm,10,2,ok,,0,False,0.004852,62,62,62,62,62,62,62,0.0,0.0,100.0,100.0,True,True,True,True,60
j60,datasets/psplib/j60/instances/j6010_3.sm,10,3,ok,,0,False,0.00578,76,76,72,72,72,72,72,5.555556,5.555556,94.736842,94.736842,False,False,True,True,60
j60,datasets/psplib/j60/instances/j6010_4.sm,10,4,ok,,0,False,0.004714,80,80,80,80,80,80,80,0.0,0.0,100.0,100.0,True,True,True,True,60
j60,datasets/psplib/j60/instances/j6010_5.sm,10,5,ok,,0,False,0.004483,79,79,79,79,79,79,79,0.0,0.0,100.0,100.0,True,True,True,True,60
j60,datasets/psplib/j60/instances/j6010_6.sm,10,6,ok,,0,False,0.005254,67,67,67,67,67,67,67,0.0,0.0,100.0,100.0,True,True,True,True,60
j60,datasets/psplib/j60/instances/j6010_7.sm,10,7,ok,,0,False,0.00603,72,72,69,69,69,69,69,4.347826,4.347826,95.833333,95.833333,False,False,True,True,60
j60,datasets/psplib/j60/instances/j6010_8.sm,10,8,ok,,0,False,0.00555,70,70,65,65,65,65,65,7.692308,7.692308,92.857143,92.857143,False,False,True,True,60
j60,datasets/psplib/j60/instances/j6010_9.sm,10,9,ok,,0,False,0.004906,81,81,73,73,73,73,73,10.958904,10.958904,90.123457,90.123457,False,False,True,True,60
j60,datasets/psplib/j60/instances/j6010_10.sm,10,10,ok,,0,False,0.007011,73,73,73,73,73,73,73,0.0,0.0,100.0,100.0,True,True,True,True,60
j60,datasets/psplib/j60/instances/j6011_1.sm,11,1,ok,,0,False,0.00548,71,71,71,71,71,71,71,0.0,0.0,100.0,100.0,True,True,True,True,60
j60,datasets/psplib/j60/instances/j6011_2.sm,11,2,ok,,0,False,0.004729,61,61,61,61,61,61,61,0.0,0.0,100.0,100.0,True,True,True,True,60
j60,datasets/psplib/j60/instances/j6011_3.sm,11,3,ok,,0,False,0.005584,76,76,76,76,76,76,76,0.0,0.0,100.0,100.0,True,True,True,True,60
j60,datasets/psplib/j60/instances/j6011_4.sm,11,4,ok,,0,False,0.005286,69,69,69,69,69,69,69,0.0,0.0,100.0,100.0,True,True,True,True,60
j60,datasets/psplib/j60/instances/j6011_5.sm,11,5,ok,,0,False,0.004926,65,65,65,65,65,65,65,0.0,0.0,100.0,100.0,True,True,True,True,60
j60,datasets/psplib/j60/instances/j6011_6.sm,11,6,ok,,0,False,0.005021,70,70,70,70,70,70,70,0.0,0.0,100.0,100.0,True,True,True,True,60
j60,datasets/psplib/j60/instances/j6011_7.sm,11,7,ok,,0,False,0.006247,70,70,70,70,70,70,70,0.0,0.0,100.0,100.0,True,True,True,True,60
j60,datasets/psplib/j60/instances/j6011_8.sm,11,8,ok,,0,False,0.007079,69,69,69,69,69,69,69,0.0,0.0,100.0,100.0,True,True,True,True,60
j60,datasets/psplib/j60/instances/j6011_9.sm,11,9,ok,,0,False,0.00535,62,62,62,62,62,62,62,0.0,0.0,100.0,100.0,True,True,True,True,60
j60,datasets/psplib/j60/instances/j6011_10.sm,11,10,ok,,0,False,0.006596,58,58,58,58,58,58,58,0.0,0.0,100.0,100.0,True,True,True,True,60
j60,datasets/psplib/j60/instances/j6012_1.sm,12,1,ok,,0,False,0.005845,59,59,59,59,59,59,59,0.0,0.0,100.0,100.0,True,True,True,True,60
j60,datasets/psplib/j60/instances/j6012_2.sm,12,2,ok,,0,False,0.005789,58,58,58,58,58,58,58,0.0,0.0,100.0,100.0,True,True,True,True,60
j60,datasets/psplib/j60/instances/j6012_3.sm,12,3,ok,,0,False,0.005383,75,75,75,75,75,75,75,0.0,0.0,100.0,100.0,True,True,True,True,60
j60,datasets/psplib/j60/instances/j6012_4.sm,12,4,ok,,0,False,0.005891,69,69,69,69,69,69,69,0.0,0.0,100.0,100.0,True,True,True,True,60
j60,datasets/psplib/j60/instances/j6012_5.sm,12,5,ok,,0,False,0.005541,63,63,63,63,63,63,63,0.0,0.0,100.0,100.0,True,True,True,True,60
j60,datasets/psplib/j60/instances/j6012_6.sm,12,6,ok,,0,False,0.004615,54,54,54,54,54,54,54,0.0,0.0,100.0,100.0,True,True,True,True,60
j60,datasets/psplib/j60/instances/j6012_7.sm,12,7,ok,,0,False,0.006763,71,71,71,71,71,71,71,0.0,0.0,100.0,100.0,True,True,True,True,60
j60,datasets/psplib/j60/instances/j6012_8.sm,12,8,ok,,0,False,0.007012,60,60,60,60,60,60,60,0.0,0.0,100.0,100.0,True,True,True,True,60
j60,datasets/psplib/j60/instances/j6012_9.sm,12,9,ok,,0,False,0.006033,59,59,59,59,59,59,59,0.0,0.0,100.0,100.0,True,True,True,True,60
j60,datasets/psplib/j60/instances/j6012_10.sm,12,10,ok,,0,False,0.005265,79,79,79,79,79,79,79,0.0,0.0,100.0,100.0,True,True,True,True,60
j60,datasets/psplib/j60/instances/j6013_1.sm,13,1,ok,,0,False,0.005774,137,137,,112,112,112,104,22.321429,31.730769,81.751825,,,False,True,True,60
j60,datasets/psplib/j60/instances/j6013_2.sm,13,2,ok,,0,False,0.008103,126,126,,106,106,106,101,18.867925,24.752475,84.126984,,,False,True,True,60
j60,datasets/psplib/j60/instances/j6013_3.sm,13,3,ok,,0,False,0.008727,110,110,,88,88,88,82,25.0,34.146341,80.0,,,False,True,True,60
j60,datasets/psplib/j60/instances/j6013_4.sm,13,4,ok,,0,False,0.007974,122,122,,103,103,103,97,18.446602,25.773196,84.42623,,,False,True,True,60
j60,datasets/psplib/j60/instances/j6013_5.sm,13,5,ok,,0,False,0.007327,115,115,,97,97,97,93,18.556701,23.655914,84.347826,,,False,True,True,60
j60,datasets/psplib/j60/instances/j6013_6.sm,13,6,ok,,0,False,0.005428,113,113,,94,94,94,90,20.212766,25.555556,83.185841,,,False,True,True,60
j60,datasets/psplib/j60/instances/j6013_7.sm,13,7,ok,,0,False,0.005586,109,109,,87,87,87,80,25.287356,36.25,79.816514,,,False,True,True,60
j60,datasets/psplib/j60/instances/j6013_8.sm,13,8,ok,,0,False,0.00701,145,145,,120,120,120,112,20.833333,29.464286,82.758621,,,False,True,True,60
j60,datasets/psplib/j60/instances/j6013_9.sm,13,9,ok,,0,False,0.007845,122,122,,102,102,102,95,19.607843,28.421053,83.606557,,,False,True,True,60
j60,datasets/psplib/j60/instances/j6013_10.sm,13,10,ok,,0,False,0.006213,147,147,,117,117,117,112,25.641026,31.25,79.591837,,,False,True,True,60
j60,datasets/psplib/j60/instances/j6014_1.sm,14,1,ok,,0,False,0.00682,67,67,61,61,61,61,61,9.836066,9.836066,91.044776,91.044776,False,False,True,True,60
j60,datasets/psplib/j60/instances/j6014_2.sm,14,2,ok,,0,False,0.008645,69,69,65,65,65,65,65,6.153846,6.153846,94.202899,94.202899,False,False,True,True,60
j60,datasets/psplib/j60/instances/j6014_3.sm,14,3,ok,,0,False,0.007495,69,69,61,61,61,61,61,13.114754,13.114754,88.405797,88.405797,False,False,True,True,60
j60,datasets/psplib/j60/instances/j6014_4.sm,14,4,ok,,0,False,0.009129,71,71,65,65,65,65,65,9.230769,9.230769,91.549296,91.549296,False,False,True,True,60
j60,datasets/psplib/j60/instances/j6014_5.sm,14,5,ok,,0,False,0.010634,62,62,59,59,59,59,59,5.084746,5.084746,95.16129,95.16129,False,False,True,True,60
j60,datasets/psplib/j60/instances/j6014_6.sm,14,6,ok,,0,False,0.00648,69,69,65,65,65,65,65,6.153846,6.153846,94.202899,94.202899,False,False,True,True,60
j60,datasets/psplib/j60/instances/j6014_7.sm,14,7,ok,,0,False,0.009672,70,70,69,69,69,69,69,1.449275,1.449275,98.571429,98.571429,False,False,True,True,60
j60,datasets/psplib/j60/instances/j6014_8.sm,14,8,ok,,0,False,0.010782,88,88,88,88,88,88,88,0.0,0.0,100.0,100.0,True,True,True,True,60
j60,datasets/psplib/j60/instances/j6014_9.sm,14,9,ok,,0,False,0.006761,64,64,61,61,61,61,61,4.918033,4.918033,95.3125,95.3125,False,False,True,True,60
j60,datasets/psplib/j60/instances/j6014_10.sm,14,10,ok,,0,False,0.005723,83,83,72,72,72,72,72,15.277778,15.277778,86.746988,86.746988,False,False,True,True,60
j60,datasets/psplib/j60/instances/j6015_1.sm,15,1,ok,,0,False,0.00753,84,84,84,84,84,84,84,0.0,0.0,100.0,100.0,True,True,True,True,60
j60,datasets/psplib/j60/instances/j6015_2.sm,15,2,ok,,0,False,0.006024,89,89,89,89,89,89,89,0.0,0.0,100.0,100.0,True,True,True,True,60
j60,datasets/psplib/j60/instances/j6015_3.sm,15,3,ok,,0,False,0.006406,72,72,72,72,72,72,72,0.0,0.0,100.0,100.0,True,True,True,True,60
j60,datasets/psplib/j60/instances/j6015_4.sm,15,4,ok,,0,False,0.005371,75,75,75,75,75,75,75,0.0,0.0,100.0,100.0,True,True,True,True,60
j60,datasets/psplib/j60/instances/j6015_5.sm,15,5,ok,,0,False,0.006963,70,70,70,70,70,70,70,0.0,0.0,100.0,100.0,True,True,True,True,60
j60,datasets/psplib/j60/instances/j6015_6.sm,15,6,ok,,0,False,0.005767,76,76,76,76,76,76,76,0.0,0.0,100.0,100.0,True,True,True,True,60
j60,datasets/psplib/j60/instances/j6015_7.sm,15,7,ok,,0,False,0.005748,64,64,64,64,64,64,64,0.0,0.0,100.0,100.0,True,True,True,True,60
j60,datasets/psplib/j60/instances/j6015_8.sm,15,8,ok,,0,False,0.006842,79,79,79,79,79,79,79,0.0,0.0,100.0,100.0,True,True,True,True,60
j60,datasets/psplib/j60/instances/j6015_9.sm,15,9,ok,,0,False,0.007862,72,72,72,72,72,72,72,0.0,0.0,100.0,100.0,True,True,True,True,60
j60,datasets/psplib/j60/instances/j6015_10.sm,15,10,ok,,0,False,0.007234,61,61,61,61,61,61,61,0.0,0.0,100.0,100.0,True,True,True,True,60
j60,datasets/psplib/j60/instances/j6016_1.sm,16,1,ok,,0,False,0.004671,64,64,64,64,64,64,64,0.0,0.0,100.0,100.0,True,True,True,True,60
j60,datasets/psplib/j60/instances/j6016_2.sm,16,2,ok,,0,False,0.005564,64,64,64,64,64,64,64,0.0,0.0,100.0,100.0,True,True,True,True,60
j60,datasets/psplib/j60/instances/j6016_3.sm,16,3,ok,,0,False,0.006532,53,53,53,53,53,53,53,0.0,0.0,100.0,100.0,True,True,True,True,60
j60,datasets/psplib/j60/instances/j6016_4.sm,16,4,ok,,0,False,0.006794,60,60,60,60,60,60,60,0.0,0.0,100.0,100.0,True,True,True,True,60
j60,datasets/psplib/j60/instances/j6016_5.sm,16,5,ok,,0,False,0.007402,66,66,66,66,66,66,66,0.0,0.0,100.0,100.0,True,True,True,True,60
j60,datasets/psplib/j60/instances/j6016_6.sm,16,6,ok,,0,False,0.005948,66,66,66,66,66,66,66,0.0,0.0,100.0,100.0,True,True,True,True,60
j60,datasets/psplib/j60/instances/j6016_7.sm,16,7,ok,,0,False,0.00579,82,82,82,82,82,82,82,0.0,0.0,100.0,100.0,True,True,True,True,60
j60,datasets/psplib/j60/instances/j6016_8.sm,16,8,ok,,0,False,0.005652,68,68,68,68,68,68,68,0.0,0.0,100.0,100.0,True,True,True,True,60
j60,datasets/psplib/j60/instances/j6016_9.sm,16,9,ok,,0,False,0.00654,54,54,54,54,54,54,54,0.0,0.0,100.0,100.0,True,True,True,True,60
j60,datasets/psplib/j60/instances/j6016_10.sm,16,10,ok,,0,False,0.007394,68,68,68,68,68,68,68,0.0,0.0,100.0,100.0,True,True,True,True,60
j60,datasets/psplib/j60/instances/j6017_1.sm,17,1,ok,,0,False,0.004902,93,93,86,86,86,86,86,8.139535,8.139535,92.473118,92.473118,False,False,True,True,60
j60,datasets/psplib/j60/instances/j6017_2.sm,17,2,ok,,0,False,0.008242,79,79,69,69,69,69,69,14.492754,14.492754,87.341772,87.341772,False,False,True,True,60
j60,datasets/psplib/j60/instances/j6017_3.sm,17,3,ok,,0,False,0.007197,96,96,89,89,89,89,89,7.865169,7.865169,92.708333,92.708333,False,False,True,True,60
j60,datasets/psplib/j60/instances/j6017_4.sm,17,4,ok,,0,False,0.007724,80,80,71,71,71,71,71,12.676056,12.676056,88.75,88.75,False,False,True,True,60
j60,datasets/psplib/j60/instances/j6017_5.sm,17,5,ok,,0,False,0.006456,66,66,59,59,59,59,59,11.864407,11.864407,89.393939,89.393939,False,False,True,True,60
j60,datasets/psplib/j60/instances/j6017_6.sm,17,6,ok,,0,False,0.006051,75,75,69,69,69,69,69,8.695652,8.695652,92.0,92.0,False,False,True,True,60
j60,datasets/psplib/j60/instances/j6017_7.sm,17,7,ok,,0,False,0.00615,87,87,83,83,83,83,83,4.819277,4.819277,95.402299,95.402299,False,False,True,True,60
j60,datasets/psplib/j60/instances/j6017_8.sm,17,8,ok,,0,False,0.00642,94,94,85,85,85,85,85,10.588235,10.588235,90.425532,90.425532,False,False,True,True,60
j60,datasets/psplib/j60/instances/j6017_9.sm,17,9,ok,,0,False,0.007378,84,84,76,76,76,76,76,10.526316,10.526316,90.47619,90.47619,False,False,True,True,60
j60,datasets/psplib/j60/instances/j6017_10.sm,17,10,ok,,0,False,0.008048,73,73,72,72,72,72,72,1.388889,1.388889,98.630137,98.630137,False,False,True,True,60
j60,datasets/psplib/j60/instances/j6018_1.sm,18,1,ok,,0,False,0.007767,81,81,81,81,81,81,81,0.0,0.0,100.0,100.0,True,True,True,True,60
j60,datasets/psplib/j60/instances/j6018_2.sm,18,2,ok,,0,False,0.006591,69,69,69,69,69,69,69,0.0,0.0,100.0,100.0,True,True,True,True,60
j60,datasets/psplib/j60/instances/j6018_3.sm,18,3,ok,,0,False,0.006737,77,77,77,77,77,77,77,0.0,0.0,100.0,100.0,True,True,True,True,60
j60,datasets/psplib/j60/instances/j6018_4.sm,18,4,ok,,0,False,0.008713,71,71,71,71,71,71,71,0.0,0.0,100.0,100.0,True,True,True,True,60
j60,datasets/psplib/j60/instances/j6018_5.sm,18,5,ok,,0,False,0.008182,80,80,80,80,80,80,80,0.0,0.0,100.0,100.0,True,True,True,True,60
j60,datasets/psplib/j60/instances/j6018_6.sm,18,6,ok,,0,False,0.008583,61,61,61,61,61,61,61,0.0,0.0,100.0,100.0,True,True,True,True,60
j60,datasets/psplib/j60/instances/j6018_7.sm,18,7,ok,,0,False,0.008218,99,99,93,93,93,93,93,6.451613,6.451613,93.939394,93.939394,False,False,True,True,60
j60,datasets/psplib/j60/instances/j6018_8.sm,18,8,ok,,0,False,0.006493,78,78,78,78,78,78,78,0.0,0.0,100.0,100.0,True,True,True,True,60
j60,datasets/psplib/j60/instances/j6018_9.sm,18,9,ok,,0,False,0.007974,69,69,69,69,69,69,69,0.0,0.0,100.0,100.0,True,True,True,True,60
j60,datasets/psplib/j60/instances/j6018_10.sm,18,10,ok,,0,False,0.007304,97,97,97,97,97,97,97,0.0,0.0,100.0,100.0,True,True,True,True,60
j60,datasets/psplib/j60/instances/j6019_1.sm,19,1,ok,,0,False,0.006694,64,64,62,62,62,62,62,3.225806,3.225806,96.875,96.875,False,False,True,True,60
j60,datasets/psplib/j60/instances/j6019_2.sm,19,2,ok,,0,False,0.00739,83,83,83,83,83,83,83,0.0,0.0,100.0,100.0,True,True,True,True,60
j60,datasets/psplib/j60/instances/j6019_3.sm,19,3,ok,,0,False,0.009494,84,84,83,83,83,83,83,1.204819,1.204819,98.809524,98.809524,False,False,True,True,60
j60,datasets/psplib/j60/instances/j6019_4.sm,19,4,ok,,0,False,0.007601,67,67,67,67,67,67,67,0.0,0.0,100.0,100.0,True,True,True,True,60
j60,datasets/psplib/j60/instances/j6019_5.sm,19,5,ok,,0,False,0.010957,73,73,73,73,73,73,73,0.0,0.0,100.0,100.0,True,True,True,True,60
j60,datasets/psplib/j60/instances/j6019_6.sm,19,6,ok,,0,False,0.009508,71,71,69,69,69,69,69,2.898551,2.898551,97.183099,97.183099,False,False,True,True,60
j60,datasets/psplib/j60/instances/j6019_7.sm,19,7,ok,,0,False,0.007952,60,60,60,60,60,60,60,0.0,0.0,100.0,100.0,True,True,True,True,60
j60,datasets/psplib/j60/instances/j6019_8.sm,19,8,ok,,0,False,0.007165,87,87,87,87,87,87,87,0.0,0.0,100.0,100.0,True,True,True,True,60
j60,datasets/psplib/j60/instances/j6019_9.sm,19,9,ok,,0,False,0.006712,71,71,69,69,69,69,69,2.898551,2.898551,97.183099,97.183099,False,False,True,True,60
j60,datasets/psplib/j60/instances/j6019_10.sm,19,10,ok,,0,False,0.006823,78,78,78,78,78,78,78,0.0,0.0,100.0,100.0,True,True,True,True,60
j60,datasets/psplib/j60/instances/j6020_1.sm,20,1,ok,,0,False,0.007098,60,60,60,60,60,60,60,0.0,0.0,100.0,100.0,True,True,True,True,60
j60,datasets/psplib/j60/instances/j6020_2.sm,20,2,ok,,0,False,0.007518,78,78,78,78,78,78,78,0.0,0.0,100.0,100.0,True,True,True,True,60
j60,datasets/psplib/j60/instances/j6020_3.sm,20,3,ok,,0,False,0.008585,69,69,69,69,69,69,69,0.0,0.0,100.0,100.0,True,True,True,True,60
j60,datasets/psplib/j60/instances/j6020_4.sm,20,4,ok,,0,False,0.007502,86,86,86,86,86,86,86,0.0,0.0,100.0,100.0,True,True,True,True,60
j60,datasets/psplib/j60/instances/j6020_5.sm,20,5,ok,,0,False,0.006009,71,71,71,71,71,71,71,0.0,0.0,100.0,100.0,True,True,True,True,60
j60,datasets/psplib/j60/instances/j6020_6.sm,20,6,ok,,0,False,0.00686,97,97,97,97,97,97,97,0.0,0.0,100.0,100.0,True,True,True,True,60
j60,datasets/psplib/j60/instances/j6020_7.sm,20,7,ok,,0,False,0.010122,74,74,74,74,74,74,74,0.0,0.0,100.0,100.0,True,True,True,True,60
j60,datasets/psplib/j60/instances/j6020_8.sm,20,8,ok,,0,False,0.008246,65,65,65,65,65,65,65,0.0,0.0,100.0,100.0,True,True,True,True,60
j60,datasets/psplib/j60/instances/j6020_9.sm,20,9,ok,,0,False,0.00739,74,74,74,74,74,74,74,0.0,0.0,100.0,100.0,True,True,True,True,60
j60,datasets/psplib/j60/instances/j6020_10.sm,20,10,ok,,0,False,0.008367,70,70,70,70,70,70,70,0.0,0.0,100.0,100.0,True,True,True,True,60
j60,datasets/psplib/j60/instances/j6021_1.sm,21,1,ok,,0,False,0.010009,129,129,103,103,103,103,103,25.242718,25.242718,79.844961,79.844961,False,False,True,True,60
j60,datasets/psplib/j60/instances/j6021_2.sm,21,2,ok,,0,False,0.006925,128,128,108,108,108,108,108,18.518519,18.518519,84.375,84.375,False,False,True,True,60
j60,datasets/psplib/j60/instances/j6021_3.sm,21,3,ok,,0,False,0.008818,104,104,87,87,87,87,87,19.54023,19.54023,83.653846,83.653846,False,False,True,True,60
j60,datasets/psplib/j60/instances/j6021_4.sm,21,4,ok,,0,False,0.006513,113,113,95,95,95,95,95,18.947368,18.947368,84.070796,84.070796,False,False,True,True,60
j60,datasets/psplib/j60/instances/j6021_5.sm,21,5,ok,,0,False,0.007829,109,109,89,89,89,89,89,22.47191,22.47191,81.651376,81.651376,False,False,True,True,60
j60,datasets/psplib/j60/instances/j6021_6.sm,21,6,ok,,0,False,0.006917,97,97,84,84,84,84,84,15.47619,15.47619,86.597938,86.597938,False,False,True,True,60
j60,datasets/psplib/j60/instances/j6021_7.sm,21,7,ok,,0,False,0.008509,114,114,103,103,103,103,103,10.679612,10.679612,90.350877,90.350877,False,False,True,True,60
j60,datasets/psplib/j60/instances/j6021_8.sm,21,8,ok,,0,False,0.007749,128,128,110,110,110,110,110,16.363636,16.363636,85.9375,85.9375,False,False,True,True,60
j60,datasets/psplib/j60/instances/j6021_9.sm,21,9,ok,,0,False,0.008689,113,113,89,89,89,89,89,26.966292,26.966292,78.761062,78.761062,False,False,True,True,60
j60,datasets/psplib/j60/instances/j6021_10.sm,21,10,ok,,0,False,0.009283,96,96,80,80,80,80,80,20.0,20.0,83.333333,83.333333,False,False,True,True,60
j60,datasets/psplib/j60/instances/j6022_1.sm,22,1,ok,,0,False,0.00873,66,66,64,64,64,64,64,3.125,3.125,96.969697,96.969697,False,False,True,True,60
j60,datasets/psplib/j60/instances/j6022_2.sm,22,2,ok,,0,False,0.007291,86,86,83,83,83,83,83,3.614458,3.614458,96.511628,96.511628,False,False,True,True,60
j60,datasets/psplib/j60/instances/j6022_3.sm,22,3,ok,,0,False,0.008306,75,75,70,70,70,70,70,7.142857,7.142857,93.333333,93.333333,False,False,True,True,60
j60,datasets/psplib/j60/instances/j6022_4.sm,22,4,ok,,0,False,0.006648,85,85,73,73,73,73,73,16.438356,16.438356,85.882353,85.882353,False,False,True,True,60
j60,datasets/psplib/j60/instances/j6022_5.sm,22,5,ok,,0,False,0.005661,76,76,76,76,76,76,76,0.0,0.0,100.0,100.0,True,True,True,True,60
j60,datasets/psplib/j60/instances/j6022_6.sm,22,6,ok,,0,False,0.00683,84,84,79,79,79,79,79,6.329114,6.329114,94.047619,94.047619,False,False,True,True,60
j60,datasets/psplib/j60/instances/j6022_7.sm,22,7,ok,,0,False,0.007854,69,69,69,69,69,69,69,0.0,0.0,100.0,100.0,True,True,True,True,60
j60,datasets/psplib/j60/instances/j6022_8.sm,22,8,ok,,0,False,0.007428,64,64,59,59,59,59,59,8.474576,8.474576,92.1875,92.1875,False,False,True,True,60
j60,datasets/psplib/j60/instances/j6022_9.sm,22,9,ok,,0,False,0.006376,67,67,65,65,65,65,65,3.076923,3.076923,97.014925,97.014925,False,False,True,True,60
j60,datasets/psplib/j60/instances/j6022_10.sm,22,10,ok,,0,False,0.005884,72,72,70,70,70,70,70,2.857143,2.857143,97.222222,97.222222,False,False,True,True,60
j60,datasets/psplib/j60/instances/j6023_1.sm,23,1,ok,,0,False,0.010641,75,75,75,75,75,75,75,0.0,0.0,100.0,100.0,True,True,True,True,60
j60,datasets/psplib/j60/instances/j6023_2.sm,23,2,ok,,0,False,0.006117,69,69,69,69,69,69,69,0.0,0.0,100.0,100.0,True,True,True,True,60
j60,datasets/psplib/j60/instances/j6023_3.sm,23,3,ok,,0,False,0.009105,78,78,78,78,78,78,78,0.0,0.0,100.0,100.0,True,True,True,True,60
j60,datasets/psplib/j60/instances/j6023_4.sm,23,4,ok,,0,False,0.006188,86,86,83,83,83,83,83,3.614458,3.614458,96.511628,96.511628,False,False,True,True,60
j60,datasets/psplib/j60/instances/j6023_5.sm,23,5,ok,,0,False,0.008425,72,72,72,72,72,72,72,0.0,0.0,100.0,100.0,True,True,True,True,60
j60,datasets/psplib/j60/instances/j6023_6.sm,23,6,ok,,0,False,0.007279,81,81,81,81,81,81,81,0.0,0.0,100.0,100.0,True,True,True,True,60
j60,datasets/psplib/j60/instances/j6023_7.sm,23,7,ok,,0,False,0.006176,60,60,60,60,60,60,60,0.0,0.0,100.0,100.0,True,True,True,True,60
j60,datasets/psplib/j60/instances/j6023_8.sm,23,8,ok,,0,False,0.00615,72,72,72,72,72,72,72,0.0,0.0,100.0,100.0,True,True,True,True,60
j60,datasets/psplib/j60/instances/j6023_9.sm,23,9,ok,,0,False,0.007093,64,64,64,64,64,64,64,0.0,0.0,100.0,100.0,True,True,True,True,60
j60,datasets/psplib/j60/instances/j6023_10.sm,23,10,ok,,0,False,0.006599,68,68,68,68,68,68,68,0.0,0.0,100.0,100.0,True,True,True,True,60
j60,datasets/psplib/j60/instances/j6024_1.sm,24,1,ok,,0,False,0.008781,65,65,65,65,65,65,65,0.0,0.0,100.0,100.0,True,True,True,True,60
j60,datasets/psplib/j60/instances/j6024_2.sm,24,2,ok,,0,False,0.00772,55,55,55,55,55,55,55,0.0,0.0,100.0,100.0,True,True,True,True,60
j60,datasets/psplib/j60/instances/j6024_3.sm,24,3,ok,,0,False,0.005871,67,67,67,67,67,67,67,0.0,0.0,100.0,100.0,True,True,True,True,60
j60,datasets/psplib/j60/instances/j6024_4.sm,24,4,ok,,0,False,0.008533,78,78,78,78,78,78,78,0.0,0.0,100.0,100.0,True,True,True,True,60
j60,datasets/psplib/j60/instances/j6024_5.sm,24,5,ok,,0,False,0.007911,76,76,76,76,76,76,76,0.0,0.0,100.0,100.0,True,True,True,True,60
j60,datasets/psplib/j60/instances/j6024_6.sm,24,6,ok,,0,False,0.006953,75,75,75,75,75,75,75,0.0,0.0,100.0,100.0,True,True,True,True,60
j60,datasets/psplib/j60/instances/j6024_7.sm,24,7,ok,,0,False,0.006933,68,68,68,68,68,68,68,0.0,0.0,100.0,100.0,True,True,True,True,60
j60,datasets/psplib/j60/instances/j6024_8.sm,24,8,ok,,0,False,0.007085,81,81,81,81,81,81,81,0.0,0.0,100.0,100.0,True,True,True,True,60
j60,datasets/psplib/j60/instances/j6024_9.sm,24,9,ok,,0,False,0.009649,80,80,80,80,80,80,80,0.0,0.0,100.0,100.0,True,True,True,True,60
j60,datasets/psplib/j60/instances/j6024_10.sm,24,10,ok,,0,False,0.007295,66,66,66,66,66,66,66,0.0,0.0,100.0,100.0,True,True,True,True,60
j60,datasets/psplib/j60/instances/j6025_1.sm,25,1,ok,,0,False,0.009457,133,133,114,114,114,114,114,16.666667,16.666667,85.714286,85.714286,False,False,True,True,60
j60,datasets/psplib/j60/instances/j6025_2.sm,25,2,ok,,0,False,0.006213,120,120,98,98,98,98,98,22.44898,22.44898,81.666667,81.666667,False,False,True,True,60
j60,datasets/psplib/j60/instances/j6025_3.sm,25,3,ok,,0,False,0.008829,131,131,113,113,113,113,113,15.929204,15.929204,86.259542,86.259542,False,False,True,True,60
j60,datasets/psplib/j60/instances/j6025_4.sm,25,4,ok,,0,False,0.007149,134,134,108,108,108,108,108,24.074074,24.074074,80.597015,80.597015,False,False,True,True,60
j60,datasets/psplib/j60/instances/j6025_5.sm,25,5,ok,,0,False,0.011062,111,111,,98,98,98,97,13.265306,14.43299,88.288288,,,False,True,True,60
j60,datasets/psplib/j60/instances/j6025_6.sm,25,6,ok,,0,False,0.00552,138,138,,112,112,112,105,23.214286,31.428571,81.15942,,,False,True,True,60
j60,datasets/psplib/j60/instances/j6025_7.sm,25,7,ok,,0,False,0.007743,109,109,90,90,90,90,90,21.111111,21.111111,82.568807,82.568807,False,False,True,True,60
j60,datasets/psplib/j60/instances/j6025_8.sm,25,8,ok,,0,False,0.005128,132,132,99,99,99,99,99,33.333333,33.333333,75.0,75.0,False,False,True,True,60
j60,datasets/psplib/j60/instances/j6025_9.sm,25,9,ok,,0,False,0.006649,126,126,99,99,99,99,99,27.272727,27.272727,78.571429,78.571429,False,False,True,True,60
j60,datasets/psplib/j60/instances/j6025_10.sm,25,10,ok,,0,False,0.007183,128,128,108,108,108,108,108,18.518519,18.518519,84.375,84.375,False,False,True,True,60
j60,datasets/psplib/j60/instances/j6026_1.sm,26,1,ok,,0,False,0.006937,80,80,80,80,80,80,80,0.0,0.0,100.0,100.0,True,True,True,True,60
j60,datasets/psplib/j60/instances/j6026_2.sm,26,2,ok,,0,False,0.007641,73,73,66,66,66,66,66,10.606061,10.606061,90.410959,90.410959,False,False,True,True,60
j60,datasets/psplib/j60/instances/j6026_3.sm,26,3,ok,,0,False,0.007104,82,82,76,76,76,76,76,7.894737,7.894737,92.682927,92.682927,False,False,True,True,60
j60,datasets/psplib/j60/instances/j6026_4.sm,26,4,ok,,0,False,0.007189,75,75,67,67,67,67,67,11.940299,11.940299,89.333333,89.333333,False,False,True,True,60
j60,datasets/psplib/j60/instances/j6026_5.sm,26,5,ok,,0,False,0.007003,62,62,61,61,61,61,61,1.639344,1.639344,98.387097,98.387097,False,False,True,True,60
j60,datasets/psplib/j60/instances/j6026_6.sm,26,6,ok,,0,False,0.009109,83,83,74,74,74,74,74,12.162162,12.162162,89.156627,89.156627,False,False,True,True,60
j60,datasets/psplib/j60/instances/j6026_7.sm,26,7,ok,,0,False,0.008323,72,72,72,72,72,72,72,0.0,0.0,100.0,100.0,True,True,True,True,60
j60,datasets/psplib/j60/instances/j6026_8.sm,26,8,ok,,0,False,0.008503,89,89,89,89,89,89,89,0.0,0.0,100.0,100.0,True,True,True,True,60
j60,datasets/psplib/j60/instances/j6026_9.sm,26,9,ok,,0,False,0.009786,73,73,65,65,65,65,65,12.307692,12.307692,89.041096,89.041096,False,False,True,True,60
j60,datasets/psplib/j60/instances/j6026_10.sm,26,10,ok,,0,False,0.005239,85,85,85,85,85,85,85,0.0,0.0,100.0,100.0,True,True,True,True,60
j60,datasets/psplib/j60/instances/j6027_1.sm,27,1,ok,,0,False,0.008438,96,96,96,96,96,96,96,0.0,0.0,100.0,100.0,True,True,True,True,60
j60,datasets/psplib/j60/instances/j6027_2.sm,27,2,ok,,0,False,0.008979,74,74,74,74,74,74,74,0.0,0.0,100.0,100.0,True,True,True,True,60
j60,datasets/psplib/j60/instances/j6027_3.sm,27,3,ok,,0,False,0.005356,76,76,76,76,76,76,76,0.0,0.0,100.0,100.0,True,True,True,True,60
j60,datasets/psplib/j60/instances/j6027_4.sm,27,4,ok,,0,False,0.00781,60,60,60,60,60,60,60,0.0,0.0,100.0,100.0,True,True,True,True,60
j60,datasets/psplib/j60/instances/j6027_5.sm,27,5,ok,,0,False,0.007496,78,78,78,78,78,78,78,0.0,0.0,100.0,100.0,True,True,True,True,60
j60,datasets/psplib/j60/instances/j6027_6.sm,27,6,ok,,0,False,0.009362,64,64,64,64,64,64,64,0.0,0.0,100.0,100.0,True,True,True,True,60
j60,datasets/psplib/j60/instances/j6027_7.sm,27,7,ok,,0,False,0.007501,83,83,83,83,83,83,83,0.0,0.0,100.0,100.0,True,True,True,True,60
j60,datasets/psplib/j60/instances/j6027_8.sm,27,8,ok,,0,False,0.007977,88,88,88,88,88,88,88,0.0,0.0,100.0,100.0,True,True,True,True,60
j60,datasets/psplib/j60/instances/j6027_9.sm,27,9,ok,,0,False,0.00801,76,76,76,76,76,76,76,0.0,0.0,100.0,100.0,True,True,True,True,60
j60,datasets/psplib/j60/instances/j6027_10.sm,27,10,ok,,0,False,0.00799,57,57,57,57,57,57,57,0.0,0.0,100.0,100.0,True,True,True,True,60
j60,datasets/psplib/j60/instances/j6028_1.sm,28,1,ok,,0,False,0.010161,92,92,92,92,92,92,92,0.0,0.0,100.0,100.0,True,True,True,True,60
j60,datasets/psplib/j60/instances/j6028_2.sm,28,2,ok,,0,False,0.00621,64,64,64,64,64,64,64,0.0,0.0,100.0,100.0,True,True,True,True,60
j60,datasets/psplib/j60/instances/j6028_3.sm,28,3,ok,,0,False,0.008863,72,72,72,72,72,72,72,0.0,0.0,100.0,100.0,True,True,True,True,60
j60,datasets/psplib/j60/instances/j6028_4.sm,28,4,ok,,0,False,0.012925,84,84,84,84,84,84,84,0.0,0.0,100.0,100.0,True,True,True,True,60
j60,datasets/psplib/j60/instances/j6028_5.sm,28,5,ok,,0,False,0.008564,71,71,71,71,71,71,71,0.0,0.0,100.0,100.0,True,True,True,True,60
j60,datasets/psplib/j60/instances/j6028_6.sm,28,6,ok,,0,False,0.005985,89,89,89,89,89,89,89,0.0,0.0,100.0,100.0,True,True,True,True,60
j60,datasets/psplib/j60/instances/j6028_7.sm,28,7,ok,,0,False,0.007616,75,75,75,75,75,75,75,0.0,0.0,100.0,100.0,True,True,True,True,60
j60,datasets/psplib/j60/instances/j6028_8.sm,28,8,ok,,0,False,0.007023,62,62,62,62,62,62,62,0.0,0.0,100.0,100.0,True,True,True,True,60
j60,datasets/psplib/j60/instances/j6028_9.sm,28,9,ok,,0,False,0.008703,74,74,74,74,74,74,74,0.0,0.0,100.0,100.0,True,True,True,True,60
j60,datasets/psplib/j60/instances/j6028_10.sm,28,10,ok,,0,False,0.008997,74,74,74,74,74,74,74,0.0,0.0,100.0,100.0,True,True,True,True,60
j60,datasets/psplib/j60/instances/j6029_1.sm,29,1,ok,,0,False,0.008536,125,125,,103,103,103,96,21.359223,30.208333,82.4,,,False,True,True,60
j60,datasets/psplib/j60/instances/j6029_2.sm,29,2,ok,,0,False,0.006626,153,153,,133,133,133,123,15.037594,24.390244,86.928105,,,False,True,True,60
j60,datasets/psplib/j60/instances/j6029_3.sm,29,3,ok,,0,False,0.008344,151,151,,121,121,121,115,24.793388,31.304348,80.13245,,,False,True,True,60
j60,datasets/psplib/j60/instances/j6029_4.sm,29,4,ok,,0,False,0.007671,160,160,,134,134,134,126,19.402985,26.984127,83.75,,,False,True,True,60
j60,datasets/psplib/j60/instances/j6029_5.sm,29,5,ok,,0,False,0.007073,133,133,,110,110,110,102,20.909091,30.392157,82.706767,,,False,True,True,60
j60,datasets/psplib/j60/instances/j6029_6.sm,29,6,ok,,0,False,0.00778,186,186,,154,154,154,145,20.779221,28.275862,82.795699,,,False,True,True,60
j60,datasets/psplib/j60/instances/j6029_7.sm,29,7,ok,,0,False,0.006886,143,143,,123,123,123,114,16.260163,25.438596,86.013986,,,False,True,True,60
j60,datasets/psplib/j60/instances/j6029_8.sm,29,8,ok,,0,False,0.007799,121,121,,103,103,103,96,17.475728,26.041667,85.123967,,,False,True,True,60
j60,datasets/psplib/j60/instances/j6029_9.sm,29,9,ok,,0,False,0.008122,136,136,,112,112,112,105,21.428571,29.52381,82.352941,,,False,True,True,60
j60,datasets/psplib/j60/instances/j6029_10.sm,29,10,ok,,0,False,0.006544,147,147,,119,119,119,112,23.529412,31.25,80.952381,,,False,True,True,60
j60,datasets/psplib/j60/instances/j6030_1.sm,30,1,ok,,0,False,0.008729,75,75,70,70,70,70,70,7.142857,7.142857,93.333333,93.333333,False,False,True,True,60
j60,datasets/psplib/j60/instances/j6030_2.sm,30,2,ok,,0,False,0.009809,84,84,70,70,70,70,70,20.0,20.0,83.333333,83.333333,False,False,True,True,60
j60,datasets/psplib/j60/instances/j6030_3.sm,30,3,ok,,0,False,0.011698,87,87,82,82,82,82,82,6.097561,6.097561,94.252874,94.252874,False,False,True,True,60
j60,datasets/psplib/j60/instances/j6030_4.sm,30,4,ok,,0,False,0.008136,76,76,76,76,76,76,76,0.0,0.0,100.0,100.0,True,True,True,True,60
j60,datasets/psplib/j60/instances/j6030_5.sm,30,5,ok,,0,False,0.008115,84,84,76,76,76,76,76,10.526316,10.526316,90.47619,90.47619,False,False,True,True,60
j60,datasets/psplib/j60/instances/j6030_6.sm,30,6,ok,,0,False,0.007922,68,68,68,68,68,68,68,0.0,0.0,100.0,100.0,True,True,True,True,60
j60,datasets/psplib/j60/instances/j6030_7.sm,30,7,ok,,0,False,0.00903,100,100,86,86,86,86,86,16.27907,16.27907,86.0,86.0,False,False,True,True,60
j60,datasets/psplib/j60/instances/j6030_8.sm,30,8,ok,,0,False,0.005584,70,70,63,63,63,63,63,11.111111,11.111111,90.0,90.0,False,False,True,True,60
j60,datasets/psplib/j60/instances/j6030_9.sm,30,9,ok,,0,False,0.007627,99,99,98,98,98,98,98,1.020408,1.020408,98.989899,98.989899,False,False,True,True,60
j60,datasets/psplib/j60/instances/j6030_10.sm,30,10,ok,,0,False,0.008148,100,100,86,86,86,86,86,16.27907,16.27907,86.0,86.0,False,False,True,True,60
j60,datasets/psplib/j60/instances/j6031_1.sm,31,1,ok,,0,False,0.007041,65,65,65,65,65,65,65,0.0,0.0,100.0,100.0,True,True,True,True,60
j60,datasets/psplib/j60/instances/j6031_2.sm,31,2,ok,,0,False,0.006422,75,75,74,74,74,74,74,1.351351,1.351351,98.666667,98.666667,False,False,True,True,60
j60,datasets/psplib/j60/instances/j6031_3.sm,31,3,ok,,0,False,0.011547,66,66,66,66,66,66,66,0.0,0.0,100.0,100.0,True,True,True,True,60
j60,datasets/psplib/j60/instances/j6031_4.sm,31,4,ok,,0,False,0.008806,68,68,68,68,68,68,68,0.0,0.0,100.0,100.0,True,True,True,True,60
j60,datasets/psplib/j60/instances/j6031_5.sm,31,5,ok,,0,False,0.008843,72,72,72,72,72,72,72,0.0,0.0,100.0,100.0,True,True,True,True,60
j60,datasets/psplib/j60/instances/j6031_6.sm,31,6,ok,,0,False,0.005519,72,72,72,72,72,72,72,0.0,0.0,100.0,100.0,True,True,True,True,60
j60,datasets/psplib/j60/instances/j6031_7.sm,31,7,ok,,0,False,0.00684,76,76,76,76,76,76,76,0.0,0.0,100.0,100.0,True,True,True,True,60
j60,datasets/psplib/j60/instances/j6031_8.sm,31,8,ok,,0,False,0.005142,75,75,75,75,75,75,75,0.0,0.0,100.0,100.0,True,True,True,True,60
j60,datasets/psplib/j60/instances/j6031_9.sm,31,9,ok,,0,False,0.008557,86,86,86,86,86,86,86,0.0,0.0,100.0,100.0,True,True,True,True,60
j60,datasets/psplib/j60/instances/j6031_10.sm,31,10,ok,,0,False,0.006932,56,56,56,56,56,56,56,0.0,0.0,100.0,100.0,True,True,True,True,60
j60,datasets/psplib/j60/instances/j6032_1.sm,32,1,ok,,0,False,0.005581,69,69,69,69,69,69,69,0.0,0.0,100.0,100.0,True,True,True,True,60
j60,datasets/psplib/j60/instances/j6032_2.sm,32,2,ok,,0,False,0.008709,114,114,114,114,114,114,114,0.0,0.0,100.0,100.0,True,True,True,True,60
j60,datasets/psplib/j60/instances/j6032_3.sm,32,3,ok,,0,False,0.006612,85,85,85,85,85,85,85,0.0,0.0,100.0,100.0,True,True,True,True,60
j60,datasets/psplib/j60/instances/j6032_4.sm,32,4,ok,,0,False,0.005782,56,56,56,56,56,56,56,0.0,0.0,100.0,100.0,True,True,True,True,60
j60,datasets/psplib/j60/instances/j6032_5.sm,32,5,ok,,0,False,0.006169,77,77,77,77,77,77,77,0.0,0.0,100.0,100.0,True,True,True,True,60
j60,datasets/psplib/j60/instances/j6032_6.sm,32,6,ok,,0,False,0.008024,93,93,93,93,93,93,93,0.0,0.0,100.0,100.0,True,True,True,True,60
j60,datasets/psplib/j60/instances/j6032_7.sm,32,7,ok,,0,False,0.009693,76,76,76,76,76,76,76,0.0,0.0,100.0,100.0,True,True,True,True,60
j60,datasets/psplib/j60/instances/j6032_8.sm,32,8,ok,,0,False,0.008953,76,76,76,76,76,76,76,0.0,0.0,100.0,100.0,True,True,True,True,60
j60,datasets/psplib/j60/instances/j6032_9.sm,32,9,ok,,0,False,0.007608,74,74,74,74,74,74,74,0.0,0.0,100.0,100.0,True,True,True,True,60
j60,datasets/psplib/j60/instances/j6032_10.sm,32,10,ok,,0,False,0.008598,77,77,77,77,77,77,77,0.0,0.0,100.0,100.0,True,True,True,True,60
j60,datasets/psplib/j60/instances/j6033_1.sm,33,1,ok,,0,False,0.006953,110,110,105,105,105,105,105,4.761905,4.761905,95.454545,95.454545,False,False,True,True,60
j60,datasets/psplib/j60/instances/j6033_2.sm,33,2,ok,,0,False,0.008703,100,100,100,100,100,100,100,0.0,0.0,100.0,100.0,True,True,True,True,60
j60,datasets/psplib/j60/instances/j6033_3.sm,33,3,ok,,0,False,0.007324,85,85,79,79,79,79,79,7.594937,7.594937,92.941176,92.941176,False,False,True,True,60
j60,datasets/psplib/j60/instances/j6033_4.sm,33,4,ok,,0,False,0.006936,81,81,81,81,81,81,81,0.0,0.0,100.0,100.0,True,True,True,True,60
j60,datasets/psplib/j60/instances/j6033_5.sm,33,5,ok,,0,False,0.010968,122,122,108,108,108,108,108,12.962963,12.962963,88.52459,88.52459,False,False,True,True,60
j60,datasets/psplib/j60/instances/j6033_6.sm,33,6,ok,,0,False,0.005974,84,84,75,75,75,75,75,12.0,12.0,89.285714,89.285714,False,False,True,True,60
j60,datasets/psplib/j60/instances/j6033_7.sm,33,7,ok,,0,False,0.008254,80,80,78,78,78,78,78,2.564103,2.564103,97.5,97.5,False,False,True,True,60
j60,datasets/psplib/j60/instances/j6033_8.sm,33,8,ok,,0,False,0.008366,86,86,79,79,79,79,79,8.860759,8.860759,91.860465,91.860465,False,False,True,True,60
j60,datasets/psplib/j60/instances/j6033_9.sm,33,9,ok,,0,False,0.007628,119,119,108,108,108,108,108,10.185185,10.185185,90.756303,90.756303,False,False,True,True,60
j60,datasets/psplib/j60/instances/j6033_10.sm,33,10,ok,,0,False,0.007933,89,89,84,84,84,84,84,5.952381,5.952381,94.382022,94.382022,False,False,True,True,60
j60,datasets/psplib/j60/instances/j6034_1.sm,34,1,ok,,0,False,0.006098,81,81,72,72,72,72,72,12.5,12.5,88.888889,88.888889,False,False,True,True,60
j60,datasets/psplib/j60/instances/j6034_2.sm,34,2,ok,,0,False,0.006707,68,68,68,68,68,68,68,0.0,0.0,100.0,100.0,True,True,True,True,60
j60,datasets/psplib/j60/instances/j6034_3.sm,34,3,ok,,0,False,0.006875,65,65,61,61,61,61,61,6.557377,6.557377,93.846154,93.846154,False,False,True,True,60
j60,datasets/psplib/j60/instances/j6034_4.sm,34,4,ok,,0,False,0.009076,83,83,83,83,83,83,83,0.0,0.0,100.0,100.0,True,True,True,True,60
j60,datasets/psplib/j60/instances/j6034_5.sm,34,5,ok,,0,False,0.007913,80,80,80,80,80,80,80,0.0,0.0,100.0,100.0,True,True,True,True,60
j60,datasets/psplib/j60/instances/j6034_6.sm,34,6,ok,,0,False,0.007371,81,81,81,81,81,81,81,0.0,0.0,100.0,100.0,True,True,True,True,60
j60,datasets/psplib/j60/instances/j6034_7.sm,34,7,ok,,0,False,0.008536,85,85,85,85,85,85,85,0.0,0.0,100.0,100.0,True,True,True,True,60
j60,datasets/psplib/j60/instances/j6034_8.sm,34,8,ok,,0,False,0.009155,64,64,63,63,63,63,63,1.587302,1.587302,98.4375,98.4375,False,False,True,True,60
j60,datasets/psplib/j60/instances/j6034_9.sm,34,9,ok,,0,False,0.007065,77,77,77,77,77,77,77,0.0,0.0,100.0,100.0,True,True,True,True,60
j60,datasets/psplib/j60/instances/j6034_10.sm,34,10,ok,,0,False,0.006892,92,92,92,92,92,92,92,0.0,0.0,100.0,100.0,True,True,True,True,60
j60,datasets/psplib/j60/instances/j6035_1.sm,35,1,ok,,0,False,0.009396,78,78,78,78,78,78,78,0.0,0.0,100.0,100.0,True,True,True,True,60
j60,datasets/psplib/j60/instances/j6035_2.sm,35,2,ok,,0,False,0.006372,78,78,77,77,77,77,77,1.298701,1.298701,98.717949,98.717949,False,False,True,True,60
j60,datasets/psplib/j60/instances/j6035_3.sm,35,3,ok,,0,False,0.005968,89,89,89,89,89,89,89,0.0,0.0,100.0,100.0,True,True,True,True,60
j60,datasets/psplib/j60/instances/j6035_4.sm,35,4,ok,,0,False,0.0073,72,72,72,72,72,72,72,0.0,0.0,100.0,100.0,True,True,True,True,60
j60,datasets/psplib/j60/instances/j6035_5.sm,35,5,ok,,0,False,0.008289,77,77,76,76,76,76,76,1.315789,1.315789,98.701299,98.701299,False,False,True,True,60
j60,datasets/psplib/j60/instances/j6035_6.sm,35,6,ok,,0,False,0.008011,79,79,79,79,79,79,79,0.0,0.0,100.0,100.0,True,True,True,True,60
j60,datasets/psplib/j60/instances/j6035_7.sm,35,7,ok,,0,False,0.008171,77,77,73,73,73,73,73,5.479452,5.479452,94.805195,94.805195,False,False,True,True,60
j60,datasets/psplib/j60/instances/j6035_8.sm,35,8,ok,,0,False,0.007014,78,78,78,78,78,78,78,0.0,0.0,100.0,100.0,True,True,True,True,60
j60,datasets/psplib/j60/instances/j6035_9.sm,35,9,ok,,0,False,0.006258,76,76,76,76,76,76,76,0.0,0.0,100.0,100.0,True,True,True,True,60
j60,datasets/psplib/j60/instances/j6035_10.sm,35,10,ok,,0,False,0.006819,71,71,71,71,71,71,71,0.0,0.0,100.0,100.0,True,True,True,True,60
j60,datasets/psplib/j60/instances/j6036_1.sm,36,1,ok,,0,False,0.006395,61,61,61,61,61,61,61,0.0,0.0,100.0,100.0,True,True,True,True,60
j60,datasets/psplib/j60/instances/j6036_2.sm,36,2,ok,,0,False,0.009499,75,75,75,75,75,75,75,0.0,0.0,100.0,100.0,True,True,True,True,60
j60,datasets/psplib/j60/instances/j6036_3.sm,36,3,ok,,0,False,0.007767,81,81,81,81,81,81,81,0.0,0.0,100.0,100.0,True,True,True,True,60
j60,datasets/psplib/j60/instances/j6036_4.sm,36,4,ok,,0,False,0.006493,85,85,85,85,85,85,85,0.0,0.0,100.0,100.0,True,True,True,True,60
j60,datasets/psplib/j60/instances/j6036_5.sm,36,5,ok,,0,False,0.007897,57,57,57,57,57,57,57,0.0,0.0,100.0,100.0,True,True,True,True,60
j60,datasets/psplib/j60/instances/j6036_6.sm,36,6,ok,,0,False,0.00529,76,76,76,76,76,76,76,0.0,0.0,100.0,100.0,True,True,True,True,60
j60,datasets/psplib/j60/instances/j6036_7.sm,36,7,ok,,0,False,0.009424,71,71,71,71,71,71,71,0.0,0.0,100.0,100.0,True,True,True,True,60
j60,datasets/psplib/j60/instances/j6036_8.sm,36,8,ok,,0,False,0.005792,69,69,69,69,69,69,69,0.0,0.0,100.0,100.0,True,True,True,True,60
j60,datasets/psplib/j60/instances/j6036_9.sm,36,9,ok,,0,False,0.008562,86,86,86,86,86,86,86,0.0,0.0,100.0,100.0,True,True,True,True,60
j60,datasets/psplib/j60/instances/j6036_10.sm,36,10,ok,,0,False,0.00593,77,77,77,77,77,77,77,0.0,0.0,100.0,100.0,True,True,True,True,60
j60,datasets/psplib/j60/instances/j6037_1.sm,37,1,ok,,0,False,0.005655,110,110,97,97,97,97,97,13.402062,13.402062,88.181818,88.181818,False,False,True,True,60
j60,datasets/psplib/j60/instances/j6037_2.sm,37,2,ok,,0,False,0.005757,106,106,95,95,95,95,95,11.578947,11.578947,89.622642,89.622642,False,False,True,True,60
j60,datasets/psplib/j60/instances/j6037_3.sm,37,3,ok,,0,False,0.008341,162,162,139,139,139,139,139,16.546763,16.546763,85.802469,85.802469,False,False,True,True,60
j60,datasets/psplib/j60/instances/j6037_4.sm,37,4,ok,,0,False,0.00534,126,126,101,101,101,101,101,24.752475,24.752475,80.15873,80.15873,False,False,True,True,60
j60,datasets/psplib/j60/instances/j6037_5.sm,37,5,ok,,0,False,0.008442,106,106,98,98,98,98,98,8.163265,8.163265,92.45283,92.45283,False,False,True,True,60
j60,datasets/psplib/j60/instances/j6037_6.sm,37,6,ok,,0,False,0.007527,119,119,102,102,102,102,102,16.666667,16.666667,85.714286,85.714286,False,False,True,True,60
j60,datasets/psplib/j60/instances/j6037_7.sm,37,7,ok,,0,False,0.008364,135,135,110,110,110,110,110,22.727273,22.727273,81.481481,81.481481,False,False,True,True,60
j60,datasets/psplib/j60/instances/j6037_8.sm,37,8,ok,,0,False,0.005096,110,110,93,93,93,93,93,18.27957,18.27957,84.545455,84.545455,False,False,True,True,60
j60,datasets/psplib/j60/instances/j6037_9.sm,37,9,ok,,0,False,0.00743,111,111,96,96,96,96,96,15.625,15.625,86.486486,86.486486,False,False,True,True,60
j60,datasets/psplib/j60/instances/j6037_10.sm,37,10,ok,,0,False,0.007409,118,118,96,96,96,96,96,22.916667,22.916667,81.355932,81.355932,False,False,True,True,60
j60,datasets/psplib/j60/instances/j6038_1.sm,38,1,ok,,0,False,0.007332,73,73,73,73,73,73,73,0.0,0.0,100.0,100.0,True,True,True,True,60
j60,datasets/psplib/j60/instances/j6038_2.sm,38,2,ok,,0,False,0.005888,86,86,76,76,76,76,76,13.157895,13.157895,88.372093,88.372093,False,False,True,True,60
j60,datasets/psplib/j60/instances/j6038_3.sm,38,3,ok,,0,False,0.008487,87,87,77,77,77,77,77,12.987013,12.987013,88.505747,88.505747,False,False,True,True,60
j60,datasets/psplib/j60/instances/j6038_4.sm,38,4,ok,,0,False,0.006538,65,65,58,58,58,58,58,12.068966,12.068966,89.230769,89.230769,False,False,True,True,60
j60,datasets/psplib/j60/instances/j6038_5.sm,38,5,ok,,0,False,0.006217,103,103,103,103,103,103,103,0.0,0.0,100.0,100.0,True,True,True,True,60
j60,datasets/psplib/j60/instances/j6038_6.sm,38,6,ok,,0,False,0.010254,86,86,86,86,86,86,86,0.0,0.0,100.0,100.0,True,True,True,True,60
j60,datasets/psplib/j60/instances/j6038_7.sm,38,7,ok,,0,False,0.006781,74,74,74,74,74,74,74,0.0,0.0,100.0,100.0,True,True,True,True,60
j60,datasets/psplib/j60/instances/j6038_8.sm,38,8,ok,,0,False,0.006661,80,80,71,71,71,71,71,12.676056,12.676056,88.75,88.75,False,False,True,True,60
j60,datasets/psplib/j60/instances/j6038_9.sm,38,9,ok,,0,False,0.007441,68,68,66,66,66,66,66,3.030303,3.030303,97.058824,97.058824,False,False,True,True,60
j60,datasets/psplib/j60/instances/j6038_10.sm,38,10,ok,,0,False,0.005888,67,67,66,66,66,66,66,1.515152,1.515152,98.507463,98.507463,False,False,True,True,60
j60,datasets/psplib/j60/instances/j6039_1.sm,39,1,ok,,0,False,0.005998,80,80,80,80,80,80,80,0.0,0.0,100.0,100.0,True,True,True,True,60
j60,datasets/psplib/j60/instances/j6039_2.sm,39,2,ok,,0,False,0.005959,84,84,84,84,84,84,84,0.0,0.0,100.0,100.0,True,True,True,True,60
j60,datasets/psplib/j60/instances/j6039_3.sm,39,3,ok,,0,False,0.007547,83,83,83,83,83,83,83,0.0,0.0,100.0,100.0,True,True,True,True,60
j60,datasets/psplib/j60/instances/j6039_4.sm,39,4,ok,,0,False,0.00745,94,94,92,92,92,92,92,2.173913,2.173913,97.87234,97.87234,False,False,True,True,60
j60,datasets/psplib/j60/instances/j6039_5.sm,39,5,ok,,0,False,0.007361,76,76,73,73,73,73,73,4.109589,4.109589,96.052632,96.052632,False,False,True,True,60
j60,datasets/psplib/j60/instances/j6039_6.sm,39,6,ok,,0,False,0.007865,87,87,84,84,84,84,84,3.571429,3.571429,96.551724,96.551724,False,False,True,True,60
j60,datasets/psplib/j60/instances/j6039_7.sm,39,7,ok,,0,False,0.005698,68,68,68,68,68,68,68,0.0,0.0,100.0,100.0,True,True,True,True,60
j60,datasets/psplib/j60/instances/j6039_8.sm,39,8,ok,,0,False,0.007624,77,77,77,77,77,77,77,0.0,0.0,100.0,100.0,True,True,True,True,60
j60,datasets/psplib/j60/instances/j6039_9.sm,39,9,ok,,0,False,0.008858,72,72,72,72,72,72,72,0.0,0.0,100.0,100.0,True,True,True,True,60
j60,datasets/psplib/j60/instances/j6039_10.sm,39,10,ok,,0,False,0.011149,74,74,74,74,74,74,74,0.0,0.0,100.0,100.0,True,True,True,True,60
j60,datasets/psplib/j60/instances/j6040_1.sm,40,1,ok,,0,False,0.006091,86,86,86,86,86,86,86,0.0,0.0,100.0,100.0,True,True,True,True,60
j60,datasets/psplib/j60/instances/j6040_2.sm,40,2,ok,,0,False,0.00763,81,81,81,81,81,81,81,0.0,0.0,100.0,100.0,True,True,True,True,60
j60,datasets/psplib/j60/instances/j6040_3.sm,40,3,ok,,0,False,0.004849,70,70,70,70,70,70,70,0.0,0.0,100.0,100.0,True,True,True,True,60
j60,datasets/psplib/j60/instances/j6040_4.sm,40,4,ok,,0,False,0.006673,87,87,87,87,87,87,87,0.0,0.0,100.0,100.0,True,True,True,True,60
j60,datasets/psplib/j60/instances/j6040_5.sm,40,5,ok,,0,False,0.010278,83,83,83,83,83,83,83,0.0,0.0,100.0,100.0,True,True,True,True,60
j60,datasets/psplib/j60/instances/j6040_6.sm,40,6,ok,,0,False,0.007315,69,69,69,69,69,69,69,0.0,0.0,100.0,100.0,True,True,True,True,60
j60,datasets/psplib/j60/instances/j6040_7.sm,40,7,ok,,0,False,0.007018,68,68,68,68,68,68,68,0.0,0.0,100.0,100.0,True,True,True,True,60
j60,datasets/psplib/j60/instances/j6040_8.sm,40,8,ok,,0,False,0.008648,80,80,80,80,80,80,80,0.0,0.0,100.0,100.0,True,True,True,True,60
j60,datasets/psplib/j60/instances/j6040_9.sm,40,9,ok,,0,False,0.00892,90,90,90,90,90,90,90,0.0,0.0,100.0,100.0,True,True,True,True,60
j60,datasets/psplib/j60/instances/j6040_10.sm,40,10,ok,,0,False,0.010078,73,73,73,73,73,73,73,0.0,0.0,100.0,100.0,True,True,True,True,60
j60,datasets/psplib/j60/instances/j6041_1.sm,41,1,ok,,0,False,0.006991,142,142,122,122,122,122,122,16.393443,16.393443,85.915493,85.915493,False,False,True,True,60
j60,datasets/psplib/j60/instances/j6041_2.sm,41,2,ok,,0,False,0.006235,131,131,113,113,113,113,113,15.929204,15.929204,86.259542,86.259542,False,False,True,True,60
j60,datasets/psplib/j60/instances/j6041_3.sm,41,3,ok,,0,False,0.007598,123,123,,98,98,98,89,25.510204,38.202247,79.674797,,,False,True,True,60
j60,datasets/psplib/j60/instances/j6041_4.sm,41,4,ok,,0,False,0.007044,164,164,133,133,133,133,133,23.308271,23.308271,81.097561,81.097561,False,False,True,True,60
j60,datasets/psplib/j60/instances/j6041_5.sm,41,5,ok,,0,False,0.006294,137,137,,115,115,115,109,19.130435,25.688073,83.941606,,,False,True,True,60
j60,datasets/psplib/j60/instances/j6041_6.sm,41,6,ok,,0,False,0.006682,168,168,134,134,134,134,134,25.373134,25.373134,79.761905,79.761905,False,False,True,True,60
j60,datasets/psplib/j60/instances/j6041_7.sm,41,7,ok,,0,False,0.007115,165,165,132,132,132,132,132,25.0,25.0,80.0,80.0,False,False,True,True,60
j60,datasets/psplib/j60/instances/j6041_8.sm,41,8,ok,,0,False,0.010038,160,160,135,135,135,135,135,18.518519,18.518519,84.375,84.375,False,False,True,True,60
j60,datasets/psplib/j60/instances/j6041_9.sm,41,9,ok,,0,False,0.006951,158,158,131,131,131,131,131,20.610687,20.610687,82.911392,82.911392,False,False,True,True,60
j60,datasets/psplib/j60/instances/j6041_10.sm,41,10,ok,,0,False,0.008714,135,135,111,111,111,111,111,21.621622,21.621622,82.222222,82.222222,False,False,True,True,60
j60,datasets/psplib/j60/instances/j6042_1.sm,42,1,ok,,0,False,0.008417,83,83,,83,83,,,0.0,,100.0,,,True,True,True,60
j60,datasets/psplib/j60/instances/j6042_2.sm,42,2,ok,,0,False,0.006216,69,69,,68,68,,,1.470588,,98.550725,,,False,True,True,60
j60,datasets/psplib/j60/instances/j6042_3.sm,42,3,ok,,0,False,0.007913,89,89,,78,78,,,14.102564,,87.640449,,,False,True,True,60
j60,datasets/psplib/j60/instances/j6042_4.sm,42,4,ok,,0,False,0.007821,113,113,,103,103,,,9.708738,,91.150442,,,False,True,True,60
j60,datasets/psplib/j60/instances/j6042_5.sm,42,5,ok,,0,False,0.006646,76,76,,73,73,,,4.109589,,96.052632,,,False,True,True,60
j60,datasets/psplib/j60/instances/j6042_6.sm,42,6,ok,,0,False,0.005591,83,83,,82,82,,,1.219512,,98.795181,,,False,True,True,60
j60,datasets/psplib/j60/instances/j6042_7.sm,42,7,ok,,0,False,0.007088,71,71,,59,59,,,20.338983,,83.098592,,,False,True,True,60
j60,datasets/psplib/j60/instances/j6042_8.sm,42,8,ok,,0,False,0.00844,93,93,,82,82,,,13.414634,,88.172043,,,False,True,True,60
j60,datasets/psplib/j60/instances/j6042_9.sm,42,9,ok,,0,False,0.006663,74,74,,71,71,,,4.225352,,95.945946,,,False,True,True,60
j60,datasets/psplib/j60/instances/j6042_10.sm,42,10,ok,,0,False,0.00584,89,89,,87,87,,,2.298851,,97.752809,,,False,True,True,60
j60,datasets/psplib/j60/instances/j6043_1.sm,43,1,ok,,0,False,0.006226,108,108,,108,108,,,0.0,,100.0,,,True,True,True,60
j60,datasets/psplib/j60/instances/j6043_2.sm,43,2,ok,,0,False,0.00603,85,85,,85,85,,,0.0,,100.0,,,True,True,True,60
j60,datasets/psplib/j60/instances/j6043_3.sm,43,3,ok,,0,False,0.008023,74,74,,74,74,,,0.0,,100.0,,,True,True,True,60
j60,datasets/psplib/j60/instances/j6043_4.sm,43,4,ok,,0,False,0.00913,78,78,,75,75,,,4.0,,96.153846,,,False,True,True,60
j60,datasets/psplib/j60/instances/j6043_5.sm,43,5,ok,,0,False,0.005329,64,64,,64,64,,,0.0,,100.0,,,True,True,True,60
j60,datasets/psplib/j60/instances/j6043_6.sm,43,6,ok,,0,False,0.006372,84,84,,84,84,,,0.0,,100.0,,,True,True,True,60
j60,datasets/psplib/j60/instances/j6043_7.sm,43,7,ok,,0,False,0.008432,89,89,,89,89,,,0.0,,100.0,,,True,True,True,60
j60,datasets/psplib/j60/instances/j6043_8.sm,43,8,ok,,0,False,0.007512,69,69,,69,69,,,0.0,,100.0,,,True,True,True,60
j60,datasets/psplib/j60/instances/j6043_9.sm,43,9,ok,,0,False,0.007613,71,71,,70,70,,,1.428571,,98.591549,,,False,True,True,60
j60,datasets/psplib/j60/instances/j6043_10.sm,43,10,ok,,0,False,0.006135,78,78,,78,78,,,0.0,,100.0,,,True,True,True,60
j60,datasets/psplib/j60/instances/j6044_1.sm,44,1,ok,,0,False,0.005562,84,84,,84,84,,,0.0,,100.0,,,True,True,True,60
j60,datasets/psplib/j60/instances/j6044_2.sm,44,2,ok,,0,False,0.008705,68,68,,68,68,,,0.0,,100.0,,,True,True,True,60
j60,datasets/psplib/j60/instances/j6044_3.sm,44,3,ok,,0,False,0.00738,87,87,,87,87,,,0.0,,100.0,,,True,True,True,60
j60,datasets/psplib/j60/instances/j6044_4.sm,44,4,ok,,0,False,0.007991,77,77,,77,77,,,0.0,,100.0,,,True,True,True,60
j60,datasets/psplib/j60/instances/j6044_5.sm,44,5,ok,,0,False,0.006819,74,74,,74,74,,,0.0,,100.0,,,True,True,True,60
j60,datasets/psplib/j60/instances/j6044_6.sm,44,6,ok,,0,False,0.008092,81,81,,81,81,,,0.0,,100.0,,,True,True,True,60
j60,datasets/psplib/j60/instances/j6044_7.sm,44,7,ok,,0,False,0.010937,76,76,,76,76,,,0.0,,100.0,,,True,True,True,60
j60,datasets/psplib/j60/instances/j6044_8.sm,44,8,ok,,0,False,0.008577,83,83,,83,83,,,0.0,,100.0,,,True,True,True,60
j60,datasets/psplib/j60/instances/j6044_9.sm,44,9,ok,,0,False,0.007353,65,65,,65,65,,,0.0,,100.0,,,True,True,True,60
j60,datasets/psplib/j60/instances/j6044_10.sm,44,10,ok,,0,False,0.006264,65,65,,65,65,,,0.0,,100.0,,,True,True,True,60
j60,datasets/psplib/j60/instances/j6045_1.sm,45,1,ok,,0,False,0.005293,114,114,,96,96,,,18.75,,84.210526,,,False,True,True,60
j60,datasets/psplib/j60/instances/j6045_2.sm,45,2,ok,,0,False,0.008249,169,169,,144,144,,,17.361111,,85.207101,,,False,True,True,60
j60,datasets/psplib/j60/instances/j6045_3.sm,45,3,ok,,0,False,0.00784,176,176,,143,143,,,23.076923,,81.25,,,False,True,True,60
j60,datasets/psplib/j60/instances/j6045_4.sm,45,4,ok,,0,False,0.008549,130,130,,108,108,,,20.37037,,83.076923,,,False,True,True,60
j60,datasets/psplib/j60/instances/j6045_5.sm,45,5,ok,,0,False,0.005879,123,123,,106,106,,,16.037736,,86.178862,,,False,True,True,60
j60,datasets/psplib/j60/instances/j6045_6.sm,45,6,ok,,0,False,0.00612,177,177,,144,144,,,22.916667,,81.355932,,,False,True,True,60
j60,datasets/psplib/j60/instances/j6045_7.sm,45,7,ok,,0,False,0.005981,146,146,,122,122,,,19.672131,,83.561644,,,False,True,True,60
j60,datasets/psplib/j60/instances/j6045_8.sm,45,8,ok,,0,False,0.009485,150,150,,129,129,,,16.27907,,86.0,,,False,True,True,60
j60,datasets/psplib/j60/instances/j6045_9.sm,45,9,ok,,0,False,0.006787,145,145,,123,123,,,17.886179,,84.827586,,,False,True,True,60
j60,datasets/psplib/j60/instances/j6045_10.sm,45,10,ok,,0,False,0.00784,133,133,,114,114,,,16.666667,,85.714286,,,False,True,True,60
j60,datasets/psplib/j60/instances/j6046_1.sm,46,1,ok,,0,False,0.009217,87,87,,79,79,,,10.126582,,90.804598,,,False,True,True,60
j60,datasets/psplib/j60/instances/j6046_2.sm,46,2,ok,,0,False,0.005838,80,80,,78,78,,,2.564103,,97.5,,,False,True,True,60
j60,datasets/psplib/j60/instances/j6046_3.sm,46,3,ok,,0,False,0.006597,89,89,,79,79,,,12.658228,,88.764045,,,False,True,True,60
j60,datasets/psplib/j60/instances/j6046_4.sm,46,4,ok,,0,False,0.00678,82,82,,74,74,,,10.810811,,90.243902,,,False,True,True,60
j60,datasets/psplib/j60/instances/j6046_5.sm,46,5,ok,,0,False,0.006448,97,97,,91,91,,,6.593407,,93.814433,,,False,True,True,60
j60,datasets/psplib/j60/instances/j6046_6.sm,46,6,ok,,0,False,0.006385,99,99,,90,90,,,10.0,,90.909091,,,False,True,True,60
j60,datasets/psplib/j60/instances/j6046_7.sm,46,7,ok,,0,False,0.008768,91,91,,78,78,,,16.666667,,85.714286,,,False,True,True,60
j60,datasets/psplib/j60/instances/j6046_8.sm,46,8,ok,,0,False,0.007334,87,87,,75,75,,,16.0,,86.206897,,,False,True,True,60
j60,datasets/psplib/j60/instances/j6046_9.sm,46,9,ok,,0,False,0.006757,80,80,,69,69,,,15.942029,,86.25,,,False,True,True,60
j60,datasets/psplib/j60/instances/j6046_10.sm,46,10,ok,,0,False,0.008275,99,99,,88,88,,,12.5,,88.888889,,,False,True,True,60
j60,datasets/psplib/j60/instances/j6047_1.sm,47,1,ok,,0,False,0.007473,75,75,,75,75,,,0.0,,100.0,,,True,True,True,60
j60,datasets/psplib/j60/instances/j6047_2.sm,47,2,ok,,0,False,0.00606,67,67,,66,66,,,1.515152,,98.507463,,,False,True,True,60
j60,datasets/psplib/j60/instances/j6047_3.sm,47,3,ok,,0,False,0.00784,69,69,,69,69,,,0.0,,100.0,,,True,True,True,60
j60,datasets/psplib/j60/instances/j6047_4.sm,47,4,ok,,0,False,0.008347,77,77,,76,76,,,1.315789,,98.701299,,,False,True,True,60
j60,datasets/psplib/j60/instances/j6047_5.sm,47,5,ok,,0,False,0.008917,87,87,,87,87,,,0.0,,100.0,,,True,True,True,60
j60,datasets/psplib/j60/instances/j6047_6.sm,47,6,ok,,0,False,0.008699,76,76,,76,76,,,0.0,,100.0,,,True,True,True,60
j60,datasets/psplib/j60/instances/j6047_7.sm,47,7,ok,,0,False,0.007017,68,68,,68,68,,,0.0,,100.0,,,True,True,True,60
j60,datasets/psplib/j60/instances/j6047_8.sm,47,8,ok,,0,False,0.008456,75,75,,71,71,,,5.633803,,94.666667,,,False,True,True,60
j60,datasets/psplib/j60/instances/j6047_9.sm,47,9,ok,,0,False,0.006231,76,76,,76,76,,,0.0,,100.0,,,True,True,True,60
j60,datasets/psplib/j60/instances/j6047_10.sm,47,10,ok,,0,False,0.007269,70,70,,66,66,,,6.060606,,94.285714,,,False,True,True,60
j60,datasets/psplib/j60/instances/j6048_1.sm,48,1,ok,,0,False,0.006304,71,71,,71,71,,,0.0,,100.0,,,True,True,True,60
j60,datasets/psplib/j60/instances/j6048_2.sm,48,2,ok,,0,False,0.006397,87,87,,87,87,,,0.0,,100.0,,,True,True,True,60
j60,datasets/psplib/j60/instances/j6048_3.sm,48,3,ok,,0,False,0.006368,84,84,,84,84,,,0.0,,100.0,,,True,True,True,60
j60,datasets/psplib/j60/instances/j6048_4.sm,48,4,ok,,0,False,0.006616,62,62,,62,62,,,0.0,,100.0,,,True,True,True,60
j60,datasets/psplib/j60/instances/j6048_5.sm,48,5,ok,,0,False,0.00563,101,101,,101,101,,,0.0,,100.0,,,True,True,True,60
j60,datasets/psplib/j60/instances/j6048_6.sm,48,6,ok,,0,False,0.008417,66,66,,66,66,,,0.0,,100.0,,,True,True,True,60
j60,datasets/psplib/j60/instances/j6048_7.sm,48,7,ok,,0,False,0.004782,77,77,,77,77,,,0.0,,100.0,,,True,True,True,60
j60,datasets/psplib/j60/instances/j6048_8.sm,48,8,ok,,0,False,0.007313,88,88,,88,88,,,0.0,,100.0,,,True,True,True,60
j60,datasets/psplib/j60/instances/j6048_9.sm,48,9,ok,,0,False,0.006162,82,82,,82,82,,,0.0,,100.0,,,True,True,True,60
j60,datasets/psplib/j60/instances/j6048_10.sm,48,10,ok,,0,False,0.005455,70,70,,70,70,,,0.0,,100.0,,,True,True,True,60
